country,total_sales
Canada,132298.68
Netherlands,96928.01000000001
USA,66931.01
France,65320.45
Germany,52102.62
Australia,48081.77
United Kingdom,48037.409999999996
